Timestamp,Symbol,LTP,Change,Change%
2025-11-12T09:25:48.126050,RELIANCE,1507.5,0.0,0.0
2025-11-12T09:25:48.127312,TCS,3090.1,0.0,0.0
2025-11-12T09:25:48.127899,HDFCBANK,994.7,0.0,0.0
2025-11-12T09:25:48.128922,INFY,1548.3,0.0,0.0
2025-11-12T09:25:48.129539,ICICIBANK,1362.9,0.0,0.0
2025-11-12T09:25:48.131404,HINDUNILVR,2423.9,0.0,0.0
2025-11-12T09:25:48.133033,ITC,406.8,0.0,0.0
2025-11-12T09:25:48.134158,SBIN,958.05,0.0,0.0
2025-11-12T09:25:48.134800,BHARTIARTL,2064.4,0.0,0.0
2025-11-12T09:25:48.135309,KOTAKBANK,2094.4,0.0,0.0
2025-11-12T09:25:48.135871,AXISBANK,1231.3,0.0,0.0
2025-11-12T09:25:48.136414,HCLTECH,1583.8,0.0,0.0
2025-11-12T09:25:48.136885,MARUTI,15648.0,0.0,0.0
2025-11-12T09:25:48.137706,BAJFINANCE,1013.8,0.0,0.0
2025-11-12T09:25:48.138555,M&M,3768.5,0.0,0.0
2025-11-12T09:25:48.139129,SUNPHARMA,1720.6,0.0,0.0
2025-11-12T09:25:48.140044,TITAN,3825.9,0.0,0.0
2025-11-12T09:25:48.141127,ULTRACEMCO,11909.0,0.0,0.0
2025-11-12T09:25:48.142098,NESTLEIND,1265.0,0.0,0.0
2025-11-12T09:25:48.143455,TATASTEEL,181.3,0.0,0.0
2025-11-12T09:25:48.144461,BAJAJFINSV,2017.3,0.0,0.0
2025-11-12T09:25:48.145072,POWERGRID,21.22,0.0,0.0
2025-11-12T09:25:48.145682,NTPC,327.9,0.0,0.0
2025-11-12T09:25:48.146264,TECHM,1424.6,0.0,0.0
2025-11-12T09:25:48.146704,WIPRO,244.0,0.0,0.0
2025-11-12T09:25:48.147253,ONGC,254.95,0.0,0.0
2025-11-12T09:25:48.147798,COALINDIA,385.0,0.0,0.0
2025-11-12T09:25:48.148613,TATAMOTORS,409.2,0.0,0.0
2025-11-12T09:25:48.149158,ADANIPORTS,1481.8,0.0,0.0
2025-11-12T09:25:48.149895,JSWSTEEL,1187.6,0.0,0.0
2025-11-12T09:25:48.151101,GRASIM,2778.2,0.0,0.0
2025-11-12T09:25:48.151725,HINDALCO,799.7,0.0,0.0
2025-11-12T09:25:48.152664,BRITANNIA,5943.0,0.0,0.0
2025-11-12T09:25:48.153623,CIPLA,136.02,0.0,0.0
2025-11-12T09:25:48.155930,EICHERMOT,6882.5,0.0,0.0
2025-11-12T09:25:48.156674,HEROMOTOCO,5460.0,0.0,0.0
2025-11-12T09:25:48.157430,SHREECEM,27110.0,0.0,0.0
2025-11-12T09:25:48.161842,BAJAJ-AUTO,8871.0,0.0,0.0
2025-11-12T09:25:48.162448,DRREDDY,1217.0,0.0,0.0
2025-11-12T09:25:48.163205,DIVISLAB,6535.0,0.0,0.0
2025-11-12T09:25:48.163868,INDUSINDBK,837.55,0.0,0.0
2025-11-12T09:25:48.164837,ADANIENT,2373.8,0.0,0.0
2025-11-12T09:25:48.165460,TATACONSUM,1160.6,0.0,0.0
2025-11-12T09:25:48.166022,APOLLOHOSP,7493.5,0.0,0.0
2025-11-12T09:25:48.166637,BPCL,375.15,0.0,0.0
2025-11-12T09:25:48.167306,SBILIFE,1995.3,0.0,0.0
2025-11-12T09:25:48.167929,UPL,763.2,0.0,0.0
2025-11-12T09:25:48.169185,TECHM,1424.6,0.0,0.0
2025-11-12T09:25:48.170118,SBIN,958.05,0.0,0.0
2025-11-12T09:25:48.178793,INDUSINDBK,837.2,-0.34999999999990905,-0.04178854993730632
2025-11-12T09:25:48.202879,ADANIENT,2374.4,0.599999999999909,0.02527592889038289
2025-11-12T09:25:48.207024,BPCL,375.15,0.0,0.0
2025-11-12T09:25:48.248589,UPL,762.75,-0.4500000000000455,-0.058962264150949344
2025-11-12T09:25:48.280640,DIVISLAB,6534.5,-0.5,-0.007651109410864575
2025-11-12T09:25:48.311788,APOLLOHOSP,7490.0,-3.5,-0.046707146193367584
2025-11-12T09:25:48.390460,BRITANNIA,5940.0,-3.0,-0.05047955577990913
2025-11-12T09:25:48.602055,NTPC,327.9,0.0,0.0
2025-11-12T09:25:48.682326,ITC,406.8,0.0,0.0
2025-11-12T09:25:48.711416,AXISBANK,1230.8,-0.5,-0.04060748802079103
2025-11-12T09:25:48.955783,M&M,3768.3,-0.1999999999998181,-0.005307151386488473
2025-11-12T09:25:48.977374,INFY,1548.1,-0.20000000000004547,-0.012917393270041043
2025-11-12T09:25:48.995035,KOTAKBANK,2094.4,0.0,0.0
2025-11-12T09:25:49.048510,TECHM,1424.9,0.3000000000001819,0.021058542748854547
2025-11-12T09:25:49.077523,INDUSINDBK,837.3,0.09999999999990905,0.011944577161957601
2025-11-12T09:25:49.119168,BAJAJFINSV,2017.3,0.0,0.0
2025-11-12T09:25:49.181308,HEROMOTOCO,5459.0,-1.0,-0.018315018315018316
2025-11-12T09:25:49.357827,SUNPHARMA,1720.5,-0.09999999999990905,-0.005811926072295075
2025-11-12T09:25:49.458092,NTPC,327.7,-0.19999999999998863,-0.06099420555046925
2025-11-12T09:25:49.592169,AXISBANK,1230.9,0.10000000000013642,0.008124796880089083
2025-11-12T09:25:49.931593,M&M,3768.3,0.0,0.0
2025-11-12T09:25:49.935597,INFY,1547.8,-0.2999999999999545,-0.019378593114136977
2025-11-12T09:25:49.985399,TCS,3090.8,0.7000000000002728,0.022652988576430305
2025-11-12T09:25:50.001826,INDUSINDBK,837.35,0.05000000000006821,0.0059715753015727
2025-11-12T09:25:50.019365,ADANIENT,2374.8,0.40000000000009095,0.01684636118598766
2025-11-12T09:25:50.020055,BAJFINANCE,1013.7,-0.09999999999990905,-0.009863878477008193
2025-11-12T09:25:50.074935,APOLLOHOSP,7487.5,-2.5,-0.03337783711615487
2025-11-12T09:25:50.251654,SUNPHARMA,1720.5,0.0,0.0
2025-11-12T09:25:50.271716,BAJAJ-AUTO,8873.5,2.5,0.02818171570285199
2025-11-12T09:25:50.354307,NTPC,327.75,0.05000000000001137,0.015257857796768803
2025-11-12T09:25:50.380313,ITC,406.85,0.05000000000001137,0.012291052114063759
2025-11-12T09:25:50.475988,AXISBANK,1231.0,0.09999999999990905,0.008124136810456498
2025-11-12T09:25:50.787837,M&M,3768.3,0.0,0.0
2025-11-12T09:25:50.833469,INFY,1547.6,-0.20000000000004547,-0.012921566093813508
2025-11-12T09:25:50.852162,TECHM,1424.3,-0.6000000000001364,-0.04210821812057944
2025-11-12T09:25:50.874684,TATAMOTORS,409.15,-0.05000000000001137,-0.012218963831869836
2025-11-12T09:25:50.877806,INDUSINDBK,837.6,0.25,0.02985609362870962
2025-11-12T09:25:50.912731,BAJAJFINSV,2017.3,0.0,0.0
2025-11-12T09:25:50.930567,BAJFINANCE,1013.7,0.0,0.0
2025-11-12T09:25:50.951049,UPL,763.15,0.39999999999997726,0.05244182235332379
2025-11-12T09:25:50.990221,DIVISLAB,6534.5,0.0,0.0
2025-11-12T09:25:51.156832,SUNPHARMA,1720.5,0.0,0.0
2025-11-12T09:25:51.269131,NTPC,327.9,0.14999999999997726,0.045766590389009085
2025-11-12T09:25:51.393144,AXISBANK,1231.1,0.09999999999990905,0.008123476848083594
2025-11-12T09:25:51.660267,M&M,3771.7,3.399999999999636,0.09022636201999937
2025-11-12T09:25:51.696413,ONGC,254.9,-0.04999999999998295,-0.01961168856637888
2025-11-12T09:25:51.710879,HINDALCO,799.55,-0.15000000000009095,-0.018757033887719262
2025-11-12T09:25:51.746929,TCS,3089.8,-1.0,-0.03235408308528536
2025-11-12T09:25:51.752095,SHREECEM,27105.0,-5.0,-0.018443378827001106
2025-11-12T09:25:51.763112,INDUSINDBK,837.8,0.1999999999999318,0.023877745940775047
2025-11-12T09:25:51.804508,ADANIENT,2375.0,0.1999999999998181,0.008421761832567714
2025-11-12T09:25:51.814328,BAJFINANCE,1013.7,0.0,0.0
2025-11-12T09:25:51.850734,UPL,763.3,0.14999999999997726,0.019655375745263354
2025-11-12T09:25:52.081199,DIVISLAB,6535.0,0.5,0.007651694850409365
2025-11-12T09:25:52.081761,HEROMOTOCO,5459.0,0.0,0.0
2025-11-12T09:25:52.188899,NTPC,327.9,0.0,0.0
2025-11-12T09:25:52.302840,AXISBANK,1231.1,0.0,0.0
2025-11-12T09:25:52.607093,M&M,3771.8,0.1000000000003638,0.0026513243365157303
2025-11-12T09:25:52.611104,MARUTI,15645.0,-3.0,-0.019171779141104295
2025-11-12T09:25:52.611689,INFY,1547.4,-0.1999999999998181,-0.012923235978277211
2025-11-12T09:25:52.663048,TCS,3089.9,0.09999999999990905,0.00323645543400573
2025-11-12T09:25:52.678854,INDUSINDBK,837.55,-0.25,-0.029840057292910005
2025-11-12T09:25:52.699837,ADANIENT,2374.4,-0.599999999999909,-0.025263157894733015
2025-11-12T09:25:52.753593,UPL,763.3,0.0,0.0
2025-11-12T09:25:52.786644,APOLLOHOSP,7490.5,3.0,0.04006677796327212
2025-11-12T09:25:52.957397,SUNPHARMA,1720.5,0.0,0.0
2025-11-12T09:25:53.055097,NTPC,327.95,0.05000000000001137,0.015248551387621646
2025-11-12T09:25:53.229402,AXISBANK,1230.9,-0.1999999999998181,-0.016245633985851524
2025-11-12T09:25:53.291755,GRASIM,2777.6,-0.599999999999909,-0.021596717298967283
2025-11-12T09:25:53.384589,DRREDDY,1217.0,0.0,0.0
2025-11-12T09:25:53.463708,M&M,3771.9,0.09999999999990905,0.0026512540431600047
2025-11-12T09:25:53.466510,MARUTI,15647.0,2.0,0.01278363694471077
2025-11-12T09:25:53.467945,ICICIBANK,1363.0,0.09999999999990905,0.00733729547288202
2025-11-12T09:25:53.555413,TECHM,1424.3,0.0,0.0
2025-11-12T09:25:53.558441,WIPRO,243.91,-0.09000000000000341,-0.036885245901640745
2025-11-12T09:25:53.606384,INDUSINDBK,837.9,0.35000000000002274,0.0417885499373199
2025-11-12T09:25:53.633409,ADANIENT,2375.0,0.599999999999909,0.02526954177897191
2025-11-12T09:25:53.654779,BAJFINANCE,1013.5,-0.20000000000004547,-0.019729703067973312
2025-11-12T09:25:53.901333,HEROMOTOCO,5459.0,0.0,0.0
2025-11-12T09:25:53.950912,SBILIFE,1995.3,0.0,0.0
2025-11-12T09:25:53.984212,NTPC,327.95,0.0,0.0
2025-11-12T09:25:54.098395,AXISBANK,1231.1,0.1999999999998181,0.016248273620912995
2025-11-12T09:25:54.368473,M&M,3771.8,-0.09999999999990905,-0.002651183753543547
2025-11-12T09:25:54.382021,INFY,1547.9,0.5,0.03231226573607341
2025-11-12T09:25:54.457886,TCS,3088.7,-1.2000000000002728,-0.0388362082915393
2025-11-12T09:25:54.469676,INDUSINDBK,837.5,-0.39999999999997726,-0.04773839360305254
2025-11-12T09:25:54.494854,ADANIENT,2375.6,0.599999999999909,0.025263157894733015
2025-11-12T09:25:54.506008,COALINDIA,384.95,-0.05000000000001137,-0.012987012987015939
2025-11-12T09:25:54.694024,BRITANNIA,5940.0,0.0,0.0
2025-11-12T09:25:54.755188,SUNPHARMA,1720.5,0.0,0.0
2025-11-12T09:25:54.869464,NTPC,327.95,0.0,0.0
2025-11-12T09:25:54.980521,AXISBANK,1231.0,-0.09999999999990905,-0.008122816992925762
2025-11-12T09:25:55.280258,M&M,3772.5,0.6999999999998181,0.018558778302132088
2025-11-12T09:25:55.298875,INFY,1547.3,-0.6000000000001364,-0.038762193940185825
2025-11-12T09:25:55.378293,TECHM,1424.3,0.0,0.0
2025-11-12T09:25:55.390890,TATACONSUM,1160.7,0.10000000000013642,0.008616232982951614
2025-11-12T09:25:55.397337,INDUSINDBK,837.65,0.14999999999997726,0.017910447761191314
2025-11-12T09:25:55.409872,COALINDIA,385.0,0.05000000000001137,0.012988699831149855
2025-11-12T09:25:55.433643,BAJFINANCE,1013.4,-0.10000000000002274,-0.009866798223978564
2025-11-12T09:25:55.481946,UPL,763.3,0.0,0.0
2025-11-12T09:25:55.484897,DIVISLAB,6534.5,-0.5,-0.007651109410864575
2025-11-12T09:25:55.618175,BRITANNIA,5940.0,0.0,0.0
2025-11-12T09:25:55.767789,SBILIFE,1995.3,0.0,0.0
2025-11-12T09:25:55.790689,NTPC,327.95,0.0,0.0
2025-11-12T09:25:55.927883,AXISBANK,1231.2,0.20000000000004547,0.01624695369618566
2025-11-12T09:25:56.208847,ONGC,254.9,0.0,0.0
2025-11-12T09:25:56.266371,INFY,1547.7,0.40000000000009095,0.025851483228856137
2025-11-12T09:25:56.286341,TECHM,1424.4,0.10000000000013642,0.007020992768387026
2025-11-12T09:25:56.322556,INDUSINDBK,837.8,0.14999999999997726,0.01790724049423712
2025-11-12T09:25:56.345017,ADANIENT,2375.6,0.0,0.0
2025-11-12T09:25:56.370568,BAJAJFINSV,2017.2,-0.09999999999990905,-0.0049571209041743445
2025-11-12T09:25:56.417007,DIVISLAB,6535.0,0.5,0.007651694850409365
2025-11-12T09:25:56.510852,BRITANNIA,5940.0,0.0,0.0
2025-11-12T09:25:56.570231,SUNPHARMA,1719.5,-1.0,-0.058122638767800064
2025-11-12T09:25:56.694311,ITC,406.85,0.0,0.0
2025-11-12T09:25:56.790565,AXISBANK,1231.1,-0.10000000000013642,-0.008122157244975343
2025-11-12T09:25:57.019853,DRREDDY,1216.9,-0.09999999999990905,-0.00821692686934339
2025-11-12T09:25:57.070750,M&M,3773.7,1.199999999999818,0.03180914512921983
2025-11-12T09:25:57.089333,ONGC,254.9,0.0,0.0
2025-11-12T09:25:57.109318,INFY,1547.7,0.0,0.0
2025-11-12T09:25:57.120084,EICHERMOT,6882.5,0.0,0.0
2025-11-12T09:25:57.179516,TECHM,1424.3,-0.10000000000013642,-0.00702049985959958
2025-11-12T09:25:57.200889,INDUSINDBK,837.9,0.10000000000002274,0.011936022917166715
2025-11-12T09:25:57.251736,ADANIENT,2374.4,-1.199999999999818,-0.05051355447044192
2025-11-12T09:25:57.291142,BPCL,375.35,0.20000000000004547,0.05331200852993349
2025-11-12T09:25:57.318588,BAJFINANCE,1013.1,-0.2999999999999545,-0.029603315571339505
2025-11-12T09:25:57.320024,UPL,763.3,0.0,0.0
2025-11-12T09:25:57.406808,APOLLOHOSP,7487.5,-3.0,-0.0400507309258394
2025-11-12T09:25:57.484745,HEROMOTOCO,5459.0,0.0,0.0
2025-11-12T09:25:57.592234,ITC,406.85,0.0,0.0
2025-11-12T09:25:57.722131,AXISBANK,1231.3,0.20000000000004547,0.016245633985869996
2025-11-12T09:25:57.919805,DRREDDY,1216.9,0.0,0.0
2025-11-12T09:25:57.983870,ONGC,254.85,-0.05000000000001137,-0.019615535504123722
2025-11-12T09:25:58.005977,INFY,1547.6,-0.10000000000013642,-0.006461200491060051
2025-11-12T09:25:58.066208,TECHM,1424.4,0.10000000000013642,0.007020992768387026
2025-11-12T09:25:58.160817,INDUSINDBK,837.6,-0.2999999999999545,-0.03580379520228602
2025-11-12T09:25:58.163291,BAJAJFINSV,2015.2,-2.0,-0.099147332936744
2025-11-12T09:25:58.170067,ADANIPORTS,1482.0,0.20000000000004547,0.013497098123906431
2025-11-12T09:25:58.172215,BAJFINANCE,1013.3,0.1999999999999318,0.019741387819556984
2025-11-12T09:25:59.282190,UPL,762.95,-0.34999999999990905,-0.04585353072185367
2025-11-12T09:25:59.282964,BRITANNIA,5940.0,0.0,0.0
2025-11-12T09:25:59.283558,HEROMOTOCO,5459.0,0.0,0.0
2025-11-12T09:25:59.284158,SBILIFE,1995.0,-0.2999999999999545,-0.015035333032624394
2025-11-12T09:25:59.284759,NTPC,327.95,0.0,0.0
2025-11-12T09:25:59.285348,AXISBANK,1232.0,0.7000000000000455,0.05685048322911114
2025-11-12T09:25:59.286190,GRASIM,2778.2,0.599999999999909,0.02160138248847599
2025-11-12T09:25:59.287177,M&M,3774.8,1.1000000000003638,0.0291491109521256
2025-11-12T09:25:59.287717,ONGC,254.9,0.05000000000001137,0.01961938395134839
2025-11-12T09:25:59.293238,INFY,1547.1,-0.5,-0.03230808994572241
2025-11-12T09:25:59.295514,TCS,3090.1,1.400000000000091,0.045326512772366725
2025-11-12T09:25:59.296896,SBIN,958.0,-0.049999999999954525,-0.005218934293612497
2025-11-12T09:25:59.300118,INDUSINDBK,837.8,0.1999999999999318,0.023877745940775047
2025-11-12T09:25:59.301479,COALINDIA,385.0,0.0,0.0
2025-11-12T09:25:59.302464,UPL,762.75,-0.20000000000004547,-0.026214037617149938
2025-11-12T09:25:59.305104,DIVISLAB,6535.0,0.0,0.0
2025-11-12T09:25:59.306172,SUNPHARMA,1719.8,0.2999999999999545,0.017446932247743793
2025-11-12T09:25:59.368832,SBILIFE,1994.0,-1.0,-0.05012531328320802
2025-11-12T09:25:59.407145,NTPC,327.8,-0.14999999999997726,-0.045738679676773066
2025-11-12T09:25:59.511401,AXISBANK,1231.6,-0.40000000000009095,-0.03246753246753985
2025-11-12T09:25:59.776670,M&M,3773.4,-1.400000000000091,-0.03708805764544058
2025-11-12T09:25:59.797068,ONGC,254.9,0.0,0.0
2025-11-12T09:25:59.797816,INFY,1547.5,0.40000000000009095,0.02585482515675076
2025-11-12T09:25:59.876919,TCS,3090.3,0.20000000000027285,0.006472282450414965
2025-11-12T09:25:59.989512,TATAMOTORS,409.25,0.10000000000002274,0.024440914090192535
2025-11-12T09:25:59.989988,INDUSINDBK,837.35,-0.4499999999999318,-0.05371210312722986
2025-11-12T09:25:59.990494,BAJAJFINSV,2013.6,-1.6000000000001364,-0.07939658594681107
2025-11-12T09:25:59.990981,ADANIPORTS,1481.7,-0.2999999999999545,-0.020242914979754015
2025-11-12T09:26:00.222558,DIVISLAB,6535.0,0.0,0.0
2025-11-12T09:26:00.225226,APOLLOHOSP,7487.5,0.0,0.0
2025-11-12T09:26:00.225957,HEROMOTOCO,5459.0,0.0,0.0
2025-11-12T09:26:00.277222,SBILIFE,1994.0,0.0,0.0
2025-11-12T09:26:00.344257,ITC,406.85,0.0,0.0
2025-11-12T09:26:00.404313,AXISBANK,1231.8,0.20000000000004547,0.01623903864891568
2025-11-12T09:26:00.671252,M&M,3775.0,1.599999999999909,0.04240207770180498
2025-11-12T09:26:00.679881,NESTLEIND,1264.8,-0.20000000000004547,-0.01581027667984549
2025-11-12T09:26:00.690193,MARUTI,15645.0,-2.0,-0.012782002939860676
2025-11-12T09:26:00.704779,KOTAKBANK,2094.2,-0.20000000000027285,-0.009549274255169635
2025-11-12T09:26:00.718622,HINDALCO,799.2,-0.34999999999990905,-0.043774623225553005
2025-11-12T09:26:00.767887,TECHM,1423.6,-0.8000000000001819,-0.05616399887673278
2025-11-12T09:26:00.808814,INDUSINDBK,837.9,0.5499999999999545,0.06568340598315572
2025-11-12T09:26:00.812706,JSWSTEEL,1187.3,-0.2999999999999545,-0.025261030650046694
2025-11-12T09:26:00.815501,BAJFINANCE,1012.9,-0.39999999999997726,-0.03947498272969281
2025-11-12T09:26:00.854789,UPL,762.75,0.0,0.0
2025-11-12T09:26:01.019026,ADANIENT,2375.0,0.599999999999909,0.02526954177897191
2025-11-12T09:26:01.067096,SUNPHARMA,1719.8,0.0,0.0
2025-11-12T09:26:01.089728,HEROMOTOCO,5460.0,1.0,0.018318373328448434
2025-11-12T09:26:01.165804,SBILIFE,1994.0,0.0,0.0
2025-11-12T09:26:01.204020,ITC,406.75,-0.10000000000002274,-0.02457908320020222
2025-11-12T09:26:01.296271,AXISBANK,1231.8,0.0,0.0
2025-11-12T09:26:01.562090,M&M,3775.0,0.0,0.0
2025-11-12T09:26:01.582705,ONGC,254.9,0.0,0.0
2025-11-12T09:26:01.593384,INFY,1547.6,0.09999999999990905,0.0064620355411896
2025-11-12T09:26:01.685114,TCS,3089.8,-0.5,-0.016179658932789696
2025-11-12T09:26:01.699298,INDUSINDBK,837.5,-0.39999999999997726,-0.04773839360305254
2025-11-12T09:26:01.717386,BAJAJFINSV,2012.9,-0.6999999999998181,-0.03476360746920035
2025-11-12T09:26:01.730301,BPCL,375.3,-0.05000000000001137,-0.013320900492876347
2025-11-12T09:26:01.783048,UPL,762.5,-0.25,-0.03277613897082924
2025-11-12T09:26:01.923748,APOLLOHOSP,7490.0,2.5,0.0333889816360601
2025-11-12T09:26:02.010777,HEROMOTOCO,5458.5,-1.5,-0.027472527472527472
2025-11-12T09:26:02.105941,ITC,406.85,0.10000000000002274,0.024585125998776335
2025-11-12T09:26:02.208817,AXISBANK,1231.7,-0.09999999999990905,-0.008118201006649542
2025-11-12T09:26:02.272158,ULTRACEMCO,11909.0,0.0,0.0
2025-11-12T09:26:02.480243,ONGC,254.9,0.0,0.0
2025-11-12T09:26:02.517494,INFY,1547.3,-0.2999999999999545,-0.019384853967430508
2025-11-12T09:26:02.561685,TECHM,1424.0,0.40000000000009095,0.02809778027536464
2025-11-12T09:26:02.609217,INDUSINDBK,837.55,0.049999999999954525,0.005970149253725914
2025-11-12T09:26:02.616390,HINDUNILVR,2423.3,-0.599999999999909,-0.024753496431367178
2025-11-12T09:26:02.630326,ADANIPORTS,1481.7,0.0,0.0
2025-11-12T09:26:02.657958,UPL,762.75,0.25,0.03278688524590164
2025-11-12T09:26:02.692226,DIVISLAB,6535.0,0.0,0.0
2025-11-12T09:26:02.813748,APOLLOHOSP,7487.5,-2.5,-0.03337783711615487
2025-11-12T09:26:03.048520,BRITANNIA,5940.0,0.0,0.0
2025-11-12T09:26:03.108327,AXISBANK,1231.8,0.09999999999990905,0.008118860112032885
2025-11-12T09:26:03.377557,M&M,3775.0,0.0,0.0
2025-11-12T09:26:03.389881,ONGC,254.8,-0.09999999999999432,-0.03923107100823629
2025-11-12T09:26:03.399086,INFY,1547.4,0.10000000000013642,0.006462870807221381
2025-11-12T09:26:03.407945,HCLTECH,1582.5,-1.2999999999999545,-0.0820810708422752
2025-11-12T09:26:03.464149,TCS,3090.0,0.1999999999998181,0.00647291086801146
2025-11-12T09:26:03.469755,TATAMOTORS,409.2,-0.05000000000001137,-0.012217470983509192
2025-11-12T09:26:03.490359,INDUSINDBK,837.35,-0.1999999999999318,-0.02387917139274453
2025-11-12T09:26:03.525985,BAJAJFINSV,2011.8,-1.1000000000001364,-0.05464752347360208
2025-11-12T09:26:03.533060,BAJFINANCE,1012.8,-0.10000000000002274,-0.009872642906508316
2025-11-12T09:26:03.727257,ADANIENT,2375.0,0.0,0.0
2025-11-12T09:26:03.769019,SUNPHARMA,1719.4,-0.3999999999998636,-0.023258518432367925
2025-11-12T09:26:03.814456,HEROMOTOCO,5461.0,2.5,0.045800128240359075
2025-11-12T09:26:03.894228,ITC,406.75,-0.10000000000002274,-0.02457908320020222
2025-11-12T09:26:04.051175,AXISBANK,1231.8,0.0,0.0
2025-11-12T09:26:04.273487,M&M,3774.9,-0.09999999999990905,-0.002649006622514147
2025-11-12T09:26:04.276520,ONGC,254.9,0.09999999999999432,0.039246467817894155
2025-11-12T09:26:04.297484,INFY,1547.5,0.09999999999990905,0.006462453147208804
2025-11-12T09:26:04.335773,HINDALCO,799.05,-0.15000000000009095,-0.01876876876878015
2025-11-12T09:26:04.376898,TCS,3089.8,-0.1999999999998181,-0.006472491909379227
2025-11-12T09:26:04.381599,TATASTEEL,181.32,0.01999999999998181,0.01103143960285814
2025-11-12T09:26:04.423291,INDUSINDBK,837.55,0.1999999999999318,0.023884874902959548
2025-11-12T09:26:04.440344,BAJAJFINSV,2011.6,-0.20000000000004547,-0.00994134605825855
2025-11-12T09:26:04.466320,UPL,762.6,-0.14999999999997726,-0.01966568338249456
2025-11-12T09:26:04.505966,DIVISLAB,6535.0,0.0,0.0
2025-11-12T09:26:04.611813,DRREDDY,1216.9,0.0,0.0
2025-11-12T09:26:04.622416,APOLLOHOSP,7487.5,0.0,0.0
2025-11-12T09:26:04.668521,SUNPHARMA,1719.3,-0.10000000000013642,-0.005815982319421683
2025-11-12T09:26:04.714563,BAJAJ-AUTO,8871.5,-2.0,-0.02253902067955147
2025-11-12T09:26:04.809285,ITC,406.75,0.0,0.0
2025-11-12T09:26:04.872453,NTPC,327.9,0.0999999999999659,0.030506406345322114
2025-11-12T09:26:04.901377,AXISBANK,1232.0,0.20000000000004547,0.016236402013317542
2025-11-12T09:26:05.182055,M&M,3774.9,0.0,0.0
2025-11-12T09:26:05.225984,INFY,1548.0,0.5,0.03231017770597738
2025-11-12T09:26:05.266233,TECHM,1424.3,0.2999999999999545,0.021067415730333886
2025-11-12T09:26:05.309411,INDUSINDBK,837.35,-0.1999999999999318,-0.02387917139274453
2025-11-12T09:26:05.316349,BAJAJFINSV,2011.0,-0.599999999999909,-0.029827003380389197
2025-11-12T09:26:05.338982,BAJFINANCE,1012.6,-0.1999999999999318,-0.01974723538703908
2025-11-12T09:26:05.548534,ADANIENT,2375.5,0.5,0.021052631578947368
2025-11-12T09:26:05.679856,SBILIFE,1993.5,-0.5,-0.025075225677031094
2025-11-12T09:26:05.722064,ITC,406.65,-0.10000000000002274,-0.024585125998776335
2025-11-12T09:26:05.724372,BRITANNIA,5941.5,1.5,0.025252525252525252
2025-11-12T09:26:05.779671,NTPC,327.9,0.0,0.0
2025-11-12T09:26:05.820770,AXISBANK,1231.8,-0.20000000000004547,-0.016233766233769924
2025-11-12T09:26:06.072887,M&M,3774.4,-0.5,-0.013245383983681686
2025-11-12T09:26:06.105670,INFY,1547.5,-0.5,-0.03229974160206719
2025-11-12T09:26:06.173479,TCS,3089.9,0.09999999999990905,0.00323645543400573
2025-11-12T09:26:06.193907,INDUSINDBK,837.35,0.0,0.0
2025-11-12T09:26:06.205453,BAJAJFINSV,2009.9,-1.099999999999909,-0.05469915464942362
2025-11-12T09:26:06.235183,BAJFINANCE,1012.8,0.1999999999999318,0.019751135690295456
2025-11-12T09:26:06.270749,UPL,762.5,-0.10000000000002274,-0.013113034356152995
2025-11-12T09:26:06.307434,DIVISLAB,6535.0,0.0,0.0
2025-11-12T09:26:06.399207,ADANIENT,2376.9,1.400000000000091,0.058934961060833124
2025-11-12T09:26:06.408919,APOLLOHOSP,7487.5,0.0,0.0
2025-11-12T09:26:06.501547,HEROMOTOCO,5460.0,-1.0,-0.018311664530305805
2025-11-12T09:26:06.511400,BAJAJ-AUTO,8873.0,1.5,0.01690807642450544
2025-11-12T09:26:06.563868,SBILIFE,1993.5,0.0,0.0
2025-11-12T09:26:06.605400,ITC,406.75,0.10000000000002274,0.024591171769340402
2025-11-12T09:26:06.741307,AXISBANK,1232.0,0.20000000000004547,0.016236402013317542
2025-11-12T09:26:06.978315,M&M,3774.4,0.0,0.0
2025-11-12T09:26:06.984347,KOTAKBANK,2094.2,0.0,0.0
2025-11-12T09:26:07.009951,INFY,1547.6,0.09999999999990905,0.0064620355411896
2025-11-12T09:26:07.016588,EICHERMOT,6882.5,0.0,0.0
2025-11-12T09:26:07.072906,TCS,3089.9,0.0,0.0
2025-11-12T09:26:07.081647,TATACONSUM,1160.6,-0.10000000000013642,-0.008615490652204396
2025-11-12T09:26:07.122519,INDUSINDBK,837.4,0.049999999999954525,0.005971218725736493
2025-11-12T09:26:07.135751,BAJAJFINSV,2009.0,-0.900000000000091,-0.04477834718145634
2025-11-12T09:26:07.141049,ADANIPORTS,1482.1,0.3999999999998636,0.026996018087322913
2025-11-12T09:26:07.315476,ADANIENT,2377.1,0.1999999999998181,0.008414321174631582
2025-11-12T09:26:07.417746,HEROMOTOCO,5460.0,0.0,0.0
2025-11-12T09:26:07.468634,SBILIFE,1993.5,0.0,0.0
2025-11-12T09:26:07.510083,ITC,406.6,-0.14999999999997726,-0.036877688998150526
2025-11-12T09:26:07.573945,NTPC,327.8,-0.0999999999999659,-0.030497102775225955
2025-11-12T09:26:07.617790,AXISBANK,1231.8,-0.20000000000004547,-0.016233766233769924
2025-11-12T09:26:07.882765,M&M,3773.8,-0.599999999999909,-0.01589656634166779
2025-11-12T09:26:07.892102,MARUTI,15645.0,0.0,0.0
2025-11-12T09:26:07.903988,INFY,1547.3,-0.2999999999999545,-0.019384853967430508
2025-11-12T09:26:07.941543,EICHERMOT,6882.5,0.0,0.0
2025-11-12T09:26:07.989475,TCS,3089.3,-0.599999999999909,-0.01941810414576229
2025-11-12T09:26:07.993941,TITAN,3823.5,-2.400000000000091,-0.06273033795969812
2025-11-12T09:26:08.002737,HINDUNILVR,2424.0,0.6999999999998181,0.028886229521719063
2025-11-12T09:26:08.013703,BAJAJFINSV,2008.4,-0.599999999999909,-0.029865604778492236
2025-11-12T09:26:08.064072,UPL,762.45,-0.049999999999954525,-0.006557377049174364
2025-11-12T09:26:08.221722,ADANIENT,2376.4,-0.6999999999998181,-0.029447646291692317
2025-11-12T09:26:08.268242,SUNPHARMA,1719.8,0.5,0.029081602977956148
2025-11-12T09:26:08.310756,HEROMOTOCO,5461.0,1.0,0.018315018315018316
2025-11-12T09:26:08.371184,SBILIFE,1993.4,-0.09999999999990905,-0.005016302984695713
2025-11-12T09:26:08.406542,ITC,406.6,0.0,0.0
2025-11-12T09:26:08.474641,NTPC,327.8,0.0,0.0
2025-11-12T09:26:08.524652,AXISBANK,1231.8,0.0,0.0
2025-11-12T09:26:08.781812,M&M,3772.0,-1.800000000000182,-0.04769728125497329
2025-11-12T09:26:08.819754,KOTAKBANK,2094.6,0.40000000000009095,0.019100372457267263
2025-11-12T09:26:08.828018,HCLTECH,1583.4,0.900000000000091,0.05687203791469769
2025-11-12T09:26:08.876532,TCS,3090.0,0.6999999999998181,0.022658854756735118
2025-11-12T09:26:08.880594,SHREECEM,27115.0,10.0,0.036893562073418186
2025-11-12T09:26:08.906511,INDUSINDBK,837.0,-0.39999999999997726,-0.04776689754000206
2025-11-12T09:26:08.931329,BPCL,375.35,0.05000000000001137,0.01332267519318182
2025-11-12T09:26:09.109435,ADANIENT,2377.0,0.599999999999909,0.02524827470122492
2025-11-12T09:26:09.174590,SUNPHARMA,1719.8,0.0,0.0
2025-11-12T09:26:09.265828,SBILIFE,1993.4,0.0,0.0
2025-11-12T09:26:09.307827,ITC,406.65,0.049999999999954525,0.012297097884887979
2025-11-12T09:26:09.408739,AXISBANK,1231.7,-0.09999999999990905,-0.008118201006649542
2025-11-12T09:26:09.481318,ULTRACEMCO,11905.0,-4.0,-0.03358804265681418
2025-11-12T09:26:09.687580,ONGC,254.9,0.0,0.0
2025-11-12T09:26:09.700118,KOTAKBANK,2094.8,0.20000000000027285,0.00954836245585185
2025-11-12T09:26:09.706389,HINDALCO,799.45,0.40000000000009095,0.05005944559165145
2025-11-12T09:26:09.716939,EICHERMOT,6882.5,0.0,0.0
2025-11-12T09:26:09.778205,TCS,3090.0,0.0,0.0
2025-11-12T09:26:09.813777,INDUSINDBK,837.3,0.2999999999999545,0.0358422939068046
2025-11-12T09:26:09.829326,BPCL,375.25,-0.10000000000002274,-0.026641800985752695
2025-11-12T09:26:09.870772,UPL,762.3,-0.15000000000009095,-0.01967342120795999
2025-11-12T09:26:10.035525,ADANIENT,2377.8,0.8000000000001819,0.03365586874211956
2025-11-12T09:26:10.075252,SUNPHARMA,1719.1,-0.7000000000000455,-0.0407024072566604
2025-11-12T09:26:10.109636,HEROMOTOCO,5460.0,-1.0,-0.018311664530305805
2025-11-12T09:26:10.167555,SBILIFE,1993.1,-0.3000000000001819,-0.015049663890848896
2025-11-12T09:26:10.199143,ITC,406.55,-0.0999999999999659,-0.02459117176932642
2025-11-12T09:26:10.229368,BRITANNIA,5942.5,1.0,0.016830766641420518
2025-11-12T09:26:10.293793,NTPC,327.95,0.14999999999997726,0.045759609517991844
2025-11-12T09:26:10.326899,AXISBANK,1231.8,0.09999999999990905,0.008118860112032885
2025-11-12T09:26:10.612157,M&M,3773.6,1.599999999999909,0.04241781548250024
2025-11-12T09:26:10.614407,KOTAKBANK,2094.9,0.09999999999990905,0.004773725415309769
2025-11-12T09:26:10.627142,EICHERMOT,6882.5,0.0,0.0
2025-11-12T09:26:10.666262,TCS,3089.3,-0.6999999999998181,-0.02265372168284201
2025-11-12T09:26:10.683344,TECHM,1424.3,0.0,0.0
2025-11-12T09:26:10.708350,INDUSINDBK,837.05,-0.25,-0.02985787650782276
2025-11-12T09:26:10.715790,BAJAJFINSV,2009.9,1.5,0.0746863174666401
2025-11-12T09:26:10.726549,BPCL,375.25,0.0,0.0
2025-11-12T09:26:10.748760,COALINDIA,385.0,0.0,0.0
2025-11-12T09:26:10.778305,UPL,762.3,0.0,0.0
2025-11-12T09:26:10.824824,DIVISLAB,6535.0,0.0,0.0
2025-11-12T09:26:10.915313,ADANIENT,2377.8,0.0,0.0
2025-11-12T09:26:11.102382,ITC,406.65,0.0999999999999659,0.02459722051407352
2025-11-12T09:26:11.197803,NTPC,328.0,0.05000000000001137,0.015246226558930133
2025-11-12T09:26:11.274060,AXISBANK,1231.4,-0.3999999999998636,-0.032472804026616627
2025-11-12T09:26:11.475115,M&M,3774.4,0.8000000000001819,0.02119991520034402
2025-11-12T09:26:11.487507,NESTLEIND,1265.2,0.40000000000009095,0.03162555344719252
2025-11-12T09:26:11.518223,INFY,1547.7,0.40000000000009095,0.025851483228856137
2025-11-12T09:26:11.527927,ICICIBANK,1363.0,0.0,0.0
2025-11-12T09:26:11.582817,TCS,3089.3,0.0,0.0
2025-11-12T09:26:11.620924,INDUSINDBK,837.25,0.20000000000004547,0.023893435278662622
2025-11-12T09:26:11.627832,BAJFINANCE,1012.4,-0.39999999999997726,-0.03949447077408938
2025-11-12T09:26:11.658794,COALINDIA,385.0,0.0,0.0
2025-11-12T09:26:11.669109,UPL,762.3,0.0,0.0
2025-11-12T09:26:11.712778,DIVISLAB,6533.5,-1.5,-0.022953328232593728
2025-11-12T09:26:11.836229,DRREDDY,1217.4,0.5,0.04108801051853069
2025-11-12T09:26:11.845477,APOLLOHOSP,7484.0,-3.5,-0.04674457429048414
2025-11-12T09:26:11.971623,SBILIFE,1993.1,0.0,0.0
2025-11-12T09:26:12.082434,NTPC,327.8,-0.19999999999998863,-0.06097560975609409
2025-11-12T09:26:12.122382,AXISBANK,1231.5,0.09999999999990905,0.008120838070481489
2025-11-12T09:26:12.401411,ONGC,254.8,-0.09999999999999432,-0.03923107100823629
2025-11-12T09:26:12.410943,INFY,1547.3,-0.40000000000009095,-0.025844801964210823
2025-11-12T09:26:12.423251,HCLTECH,1583.3,-0.10000000000013642,-0.006315523556911483
2025-11-12T09:26:12.480481,RELIANCE,1507.7,0.20000000000004547,0.013266998341628224
2025-11-12T09:26:12.515442,INDUSINDBK,837.35,0.10000000000002274,0.01194386383995494
2025-11-12T09:26:12.524736,JSWSTEEL,1187.8,0.5,0.042112355765181506
2025-11-12T09:26:12.542638,BPCL,375.1,-0.14999999999997726,-0.0399733510992611
2025-11-12T09:26:12.569156,UPL,762.45,0.15000000000009095,0.019677292404577065
2025-11-12T09:26:12.720079,ADANIENT,2376.4,-1.400000000000091,-0.058877954411644826
2025-11-12T09:26:12.824611,HEROMOTOCO,5460.0,0.0,0.0
2025-11-12T09:26:12.917275,ITC,406.75,0.10000000000002274,0.024591171769340402
2025-11-12T09:26:13.011290,AXISBANK,1231.5,0.0,0.0
2025-11-12T09:26:13.306813,M&M,3774.4,0.0,0.0
2025-11-12T09:26:13.315723,INFY,1547.7,0.40000000000009095,0.025851483228856137
2025-11-12T09:26:13.326493,ICICIBANK,1363.0,0.0,0.0
2025-11-12T09:26:13.369761,TCS,3089.7,0.3999999999996362,0.012947917003840228
2025-11-12T09:26:13.377654,WIPRO,243.81,-0.09999999999999432,-0.04099872903939745
2025-11-12T09:26:13.409971,INDUSINDBK,837.7,0.35000000000002274,0.04179853108019618
2025-11-12T09:26:13.440076,BAJAJFINSV,2009.9,0.0,0.0
2025-11-12T09:26:13.449670,BPCL,375.1,0.0,0.0
2025-11-12T09:26:13.636042,ADANIENT,2375.8,-0.599999999999909,-0.02524827470122492
2025-11-12T09:26:13.708683,HEROMOTOCO,5460.5,0.5,0.009157509157509158
2025-11-12T09:26:13.729312,BAJAJ-AUTO,8875.5,2.5,0.02817536346218866
2025-11-12T09:26:13.769946,SBILIFE,1993.2,0.10000000000013642,0.00501730971853577
2025-11-12T09:26:13.900716,NTPC,327.95,0.14999999999997726,0.045759609517991844
2025-11-12T09:26:13.925825,AXISBANK,1231.5,0.0,0.0
2025-11-12T09:26:14.191459,M&M,3773.1,-1.300000000000182,-0.03444256040695692
2025-11-12T09:26:14.250882,INFY,1547.3,-0.40000000000009095,-0.025844801964210823
2025-11-12T09:26:14.276706,TCS,3089.0,-0.6999999999998181,-0.022655921286850445
2025-11-12T09:26:14.286057,TATAMOTORS,409.2,0.0,0.0
2025-11-12T09:26:14.305914,INDUSINDBK,837.7,0.0,0.0
2025-11-12T09:26:14.333876,BAJAJFINSV,2009.4,-0.5,-0.024876859545251005
2025-11-12T09:26:14.355641,COALINDIA,384.85,-0.14999999999997726,-0.038961038961033055
2025-11-12T09:26:14.425478,DIVISLAB,6533.0,-0.5,-0.00765286599831637
2025-11-12T09:26:14.572312,SUNPHARMA,1719.0,-0.09999999999990905,-0.005816997266005995
2025-11-12T09:26:14.735424,ITC,406.75,0.0,0.0
2025-11-12T09:26:14.817523,AXISBANK,1231.4,-0.09999999999990905,-0.008120178643922782
2025-11-12T09:26:15.107975,ONGC,254.9,0.09999999999999432,0.039246467817894155
2025-11-12T09:26:15.125721,HCLTECH,1582.8,-0.5,-0.031579612202362155
2025-11-12T09:26:15.177330,EICHERMOT,6882.5,0.0,0.0
2025-11-12T09:26:15.179032,TCS,3089.9,0.900000000000091,0.029135642602787015
2025-11-12T09:26:15.229285,INDUSINDBK,837.3,-0.40000000000009095,-0.047749791094674816
2025-11-12T09:26:15.441335,ADANIENT,2377.9,2.099999999999909,0.08839127872716175
2025-11-12T09:26:15.483212,SUNPHARMA,1719.7,0.7000000000000455,0.040721349621875826
2025-11-12T09:26:15.526826,HEROMOTOCO,5460.0,-0.5,-0.009156670634557275
2025-11-12T09:26:15.628059,SBILIFE,1993.2,0.0,0.0
2025-11-12T09:26:15.718283,ITC,406.5,-0.25,-0.06146281499692685
2025-11-12T09:26:15.732025,AXISBANK,1231.3,-0.10000000000013642,-0.008120838070499951
2025-11-12T09:26:15.999627,M&M,3773.1,0.0,0.0
2025-11-12T09:26:16.054525,INFY,1547.0,-0.2999999999999545,-0.019388612421634754
2025-11-12T09:26:16.088260,TCS,3089.3,-0.599999999999909,-0.01941810414576229
2025-11-12T09:26:16.124139,INDUSINDBK,837.7,0.40000000000009095,0.04777260241252729
2025-11-12T09:26:16.133695,BPCL,375.0,-0.10000000000002274,-0.026659557451352366
2025-11-12T09:26:16.330873,DRREDDY,1217.3,-0.10000000000013642,-0.008214227041246625
2025-11-12T09:26:16.424071,HEROMOTOCO,5461.0,1.0,0.018315018315018316
2025-11-12T09:26:16.525651,ITC,406.7,0.19999999999998863,0.04920049200491726
2025-11-12T09:26:16.626630,AXISBANK,1231.4,0.10000000000013642,0.008121497604169286
2025-11-12T09:26:16.896938,M&M,3772.0,-1.099999999999909,-0.029153746256391538
2025-11-12T09:26:16.920282,INFY,1547.4,0.40000000000009095,0.025856496444737614
2025-11-12T09:26:16.929584,HDFCBANK,994.45,-0.25,-0.02513320599175631
2025-11-12T09:26:16.977068,TCS,3089.0,-0.3000000000001819,-0.009710937752894892
2025-11-12T09:26:16.978589,TATACONSUM,1160.6,0.0,0.0
2025-11-12T09:26:17.056727,INDUSINDBK,837.3,-0.40000000000009095,-0.047749791094674816
2025-11-12T09:26:17.062332,BPCL,375.05,0.05000000000001137,0.013333333333336365
2025-11-12T09:26:17.092010,UPL,762.45,0.0,0.0
2025-11-12T09:26:17.224910,DRREDDY,1217.4,0.10000000000013642,0.008214901831934315
2025-11-12T09:26:17.278118,SUNPHARMA,1718.9,-0.7999999999999545,-0.046519741815430275
2025-11-12T09:26:17.310541,HEROMOTOCO,5460.0,-1.0,-0.018311664530305805
2025-11-12T09:26:17.419021,ITC,406.6,-0.0999999999999659,-0.02458814851240863
2025-11-12T09:26:17.505452,NTPC,327.8,-0.14999999999997726,-0.045738679676773066
2025-11-12T09:26:17.545108,AXISBANK,1231.4,0.0,0.0
2025-11-12T09:26:17.799439,M&M,3773.1,1.099999999999909,0.02916224814421816
2025-11-12T09:26:17.833679,INFY,1547.3,-0.10000000000013642,-0.006462453147223499
2025-11-12T09:26:17.849768,EICHERMOT,6882.5,0.0,0.0
2025-11-12T09:26:17.877068,TCS,3088.0,-1.0,-0.03237293622531564
2025-11-12T09:26:17.885515,SBIN,958.0,0.0,0.0
2025-11-12T09:26:17.905524,INDUSINDBK,837.4,0.10000000000002274,0.011943150603131822
2025-11-12T09:26:17.917571,HINDUNILVR,2424.0,0.0,0.0
2025-11-12T09:26:17.926586,BPCL,375.0,-0.05000000000001137,-0.013331555792564023
2025-11-12T09:26:17.949880,COALINDIA,385.0,0.14999999999997726,0.03897622450304723
2025-11-12T09:26:18.129890,DRREDDY,1216.7,-0.7000000000000455,-0.05749958928865167
2025-11-12T09:26:18.235358,BAJAJ-AUTO,8873.5,-2.0,-0.022533941749760575
2025-11-12T09:26:18.307933,ITC,406.7,0.0999999999999659,0.02459419576978994
2025-11-12T09:26:18.389208,NTPC,328.0,0.19999999999998863,0.06101281269066157
2025-11-12T09:26:18.410945,AXISBANK,1231.4,0.0,0.0
2025-11-12T09:26:18.701103,ONGC,254.75,-0.15000000000000568,-0.05884660651236001
2025-11-12T09:26:18.756476,INFY,1547.5,0.20000000000004547,0.012925741614428068
2025-11-12T09:26:18.758210,EICHERMOT,6882.5,0.0,0.0
2025-11-12T09:26:18.785568,TCS,3089.5,1.5,0.048575129533678756
2025-11-12T09:26:18.824395,INDUSINDBK,837.7,0.3000000000000682,0.03582517315501173
2025-11-12T09:26:18.921890,BAJAJFINSV,2009.0,-0.40000000000009095,-0.019906439733258233
2025-11-12T09:26:18.922356,BAJFINANCE,1012.2,-0.1999999999999318,-0.01975503753456458
2025-11-12T09:26:19.030835,ADANIENT,2375.8,-2.099999999999909,-0.08831321754488872
2025-11-12T09:26:19.210173,ITC,406.7,0.0,0.0
2025-11-12T09:26:19.814608,NTPC,328.0,0.0,0.0
2025-11-12T09:26:19.816076,AXISBANK,1231.6,0.1999999999998181,0.016241676140962977
2025-11-12T09:26:19.817673,M&M,3773.0,-0.09999999999990905,-0.0026503405687606754
2025-11-12T09:26:19.819556,INFY,1547.2,-0.2999999999999545,-0.01938610662358349
2025-11-12T09:26:19.820638,EICHERMOT,6882.5,0.0,0.0
2025-11-12T09:26:19.822244,TCS,3088.1,-1.400000000000091,-0.04531477585370095
2025-11-12T09:26:19.825619,TATACONSUM,1160.5,-0.09999999999990905,-0.008616232982932024
2025-11-12T09:26:19.828065,INDUSINDBK,837.7,0.0,0.0
2025-11-12T09:26:19.829664,BAJAJFINSV,2009.4,0.40000000000009095,0.01991040318566904
2025-11-12T09:26:19.836122,UPL,762.45,0.0,0.0
2025-11-12T09:26:19.923459,ADANIENT,2376.9,1.099999999999909,0.04630019361898766
2025-11-12T09:26:19.985185,SUNPHARMA,1718.9,0.0,0.0
2025-11-12T09:26:20.138482,ITC,406.7,0.0,0.0
2025-11-12T09:26:20.148528,BRITANNIA,5942.0,-0.5,-0.008413967185527976
2025-11-12T09:26:20.210875,NTPC,328.0,0.0,0.0
2025-11-12T09:26:20.252296,AXISBANK,1231.6,0.0,0.0
2025-11-12T09:26:20.512443,M&M,3773.0,0.0,0.0
2025-11-12T09:26:20.520524,INFY,1547.2,0.0,0.0
2025-11-12T09:26:20.533291,EICHERMOT,6882.5,0.0,0.0
2025-11-12T09:26:20.592569,TCS,3087.9,-0.1999999999998181,-0.0064764742074355786
2025-11-12T09:26:20.612134,SBIN,958.05,0.049999999999954525,0.005219206680579804
2025-11-12T09:26:20.613083,INDUSINDBK,837.3,-0.40000000000009095,-0.047749791094674816
2025-11-12T09:26:20.621676,GRASIM,2778.2,0.0,0.0
2025-11-12T09:26:20.636519,BAJAJFINSV,2008.9,-0.5,-0.024883049666567132
2025-11-12T09:26:20.642561,COALINDIA,385.0,0.0,0.0
2025-11-12T09:26:20.694211,UPL,762.7,0.25,0.0327890353465801
2025-11-12T09:26:20.890385,SUNPHARMA,1719.6,0.6999999999998181,0.04072371865727024
2025-11-12T09:26:21.036430,BRITANNIA,5940.0,-2.0,-0.03365870077415012
2025-11-12T09:26:21.085457,NTPC,327.7,-0.30000000000001137,-0.09146341463414981
2025-11-12T09:26:21.117102,AXISBANK,1230.9,-0.6999999999998181,-0.05683663527117718
2025-11-12T09:26:21.430571,M&M,3773.4,0.40000000000009095,0.010601643254706888
2025-11-12T09:26:21.433660,INFY,1546.9,-0.2999999999999545,-0.01938986556359582
2025-11-12T09:26:21.448647,HCLTECH,1582.4,-0.3999999999998636,-0.02527167045740862
2025-11-12T09:26:21.462222,EICHERMOT,6882.5,0.0,0.0
2025-11-12T09:26:21.493909,TCS,3089.2,1.2999999999997272,0.042099808931627555
2025-11-12T09:26:21.520413,INDUSINDBK,837.0,-0.2999999999999545,-0.035829451809381886
2025-11-12T09:26:21.538495,JSWSTEEL,1187.4,-0.3999999999998636,-0.03367570298028823
2025-11-12T09:26:21.550416,BAJAJFINSV,2009.4,0.5,0.024889242869231918
2025-11-12T09:26:21.601388,UPL,762.45,-0.25,-0.03277828766225252
2025-11-12T09:26:21.645470,DIVISLAB,6535.5,2.5,0.03826725853359865
2025-11-12T09:26:21.737598,DRREDDY,1217.0,0.2999999999999545,0.024656858716195818
2025-11-12T09:26:21.793569,SUNPHARMA,1720.0,0.40000000000009095,0.023261223540363512
2025-11-12T09:26:21.913346,ITC,406.7,0.0,0.0
2025-11-12T09:26:21.997305,NTPC,327.8,0.10000000000002274,0.030515715593537607
2025-11-12T09:26:22.062619,AXISBANK,1230.4,-0.5,-0.04062068405231944
2025-11-12T09:26:22.299030,M&M,3773.1,-0.3000000000001819,-0.007950389569093705
2025-11-12T09:26:22.325569,INFY,1546.8,-0.10000000000013642,-0.006464541987209026
2025-11-12T09:26:22.408340,TCS,3089.3,0.1000000000003638,0.0032370840347133176
2025-11-12T09:26:22.411847,TATAMOTORS,409.2,0.0,0.0
